{"Hydrogen":1.008,"Helium":4.0026022,"Lithium":6.94,"Beryllium":9.01218315,"Boron":10.81,"Carbon":12.011,"Nitrogen":14.007,"Oxygen":15.999,"Fluorine":18.9984031636,"Neon":20.17976,"Sodium":22.989769282,"Magnesium":24.305,"Aluminium":26.98153857,"Silicon":28.085,"Phosphorus":30.9737619985,"Sulfur":32.06,"Chlorine":35.45,"Argon":39.9481,"Potassium":39.09831,"Calcium":40.0784,"Scandium":44.9559085,"Titanium":47.8671,"Vanadium":50.94151,"Chromium":51.99616,"Manganese":54.9380443,"Iron":55.8452,"Cobalt":58.9331944,"Nickel":58.69344,"Copper":63.5463,"Zinc":65.382,"Gallium":69.7231,"Germanium":72.6308,"Arsenic":74.9215956,"Selenium":78.9718,"Bromine":79.904,"Krypton":83.7982,"Rubidium":85.46783,"Strontium":87.621,"Yttrium":88.905842,"Zirconium":91.2242,"Niobium":92.906372,"Molybdenum":95.951,"Technetium":98,"Ruthenium":101.072,"Rhodium":102.905502,"Palladium":106.421,"Silver":107.86822,"Cadmium":112.4144,"Indium":114.8181,"Tin":118.7107,"Antimony":121.7601,"Tellurium":127.603,"Iodine":126.904473,"Xenon":131.2936,"Cesium":132.905451966,"Barium":137.3277,"Lanthanum":138.905477,"Cerium":140.1161,"Praseodymium":140.907662,"Neodymium":144.2423,"Promethium":145,"Samarium":150.362,"Europium":151.9641,"Gadolinium":157.253,"Terbium":158.925352,"Dysprosium":162.5001,"Holmium":164.930332,"Erbium":167.2593,"Thulium":168.934222,"Ytterbium":173.0451,"Lutetium":174.96681,"Hafnium":178.492,"Tantalum":180.947882,"Tungsten":183.841,"Rhenium":186.2071,"Osmium":190.233,"Iridium":192.2173,"Platinum":195.0849,"Gold":196.9665695,"Mercury":200.5923,"Thallium":204.38,"Lead":207.21,"Bismuth":208.980401,"Polonium":209,"Astatine":210,"Radon":222,"Francium":223,"Radium":226,"Actinium":227,"Thorium":232.03774,"Protactinium":231.035882,"Uranium":238.028913,"Neptunium":237,"Plutonium":244,"Americium":243,"Curium":247,"Berkelium":247,"Californium":251,"Einsteinium":252,"Fermium":257,"Mendelevium":258,"Nobelium":259,"Lawrencium":266,"Rutherfordium":267,"Dubnium":268,"Seaborgium":269,"Bohrium":270,"Hassium":269,"Meitnerium":278,"Darmstadtium":281,"Roentgenium":282,"Copernicium":285,"Nihonium":286,"Flerovium":289,"Moscovium":289,"Livermorium":293,"Tennessine":294,"Oganesson":294,"Ununennium":315}
